Transaction_ID,Conservation_ID,Block_Hash,Carbon_Credits_Transferred,Transaction_Date
T001,C001,0x1a2b3c4d,250,2024-01-16
T002,C002,0x2b3c4d5e,370,2024-02-11
T003,C003,0x3c4d5e6f,150,2024-03-06
T004,C004,0x4d5e6f7g,300,2024-04-21
T005,C005,0x5e6f7g8h,220,2024-05-13
T006,C006,0x6f7g8h9i,400,2024-06-19
T007,C007,0x7g8h9i0j,170,2024-07-04
T008,C008,0x8h9i0j1k,200,2024-08-26
T009,C009,0x9i0j1k2l,270,2024-09-11
T010,C010,0x0j1k2l3m,350,2024-10-16
T011,C011,0x1k2l3m4n,225,2024-11-21
T012,C012,0x2l3m4n5o,300,2024-12-26
T013,C013,0x3m4n5o6p,250,2025-01-11
T014,C014,0x4n5o6p7q,375,2025-02-16
T015,C015,0x5o6p7q8r,150,2025-03-21
T016,C016,0x6p7q8r9s,325,2025-04-26
T017,C017,0x7q8r9s0t,200,2025-05-31
T018,C018,0x8r9s0t1u,275,2025-06-06
T019,C019,0x9s0t1u2v,350,2025-07-11
T020,C020,0x0t1u2v3w,225,2025-07-26